"year","sex","brsc","utrc","tbalc","carc","kdnc","bldc","lvrc","mltm","chml","espc","stmc","hanc","rctc","ishd","strk","dmt2","adaod","prkd","dprd"
0,"female",1,1,1,1,1,1,1,1,1,1,1,1,1,1,1,1,1,1,1
1,"female",1.00513751631609,1.01000066343224,1.01229271442899,0.987950634012524,1.00743521723641,0.991802910008594,1.02273501590637,1.01666972862922,1,0.987498689469123,0.993788659623948,0.992094530992764,0.977457067345371,0.991152455961023,0.991152455961023,0.996981225805585,1.00046853125958,1.01401560946055,0.983047603651892
2,"female",1.01030142670608,1.02010134013357,1.02473653968602,0.976046455245749,1.01492571692818,0.983673012301514,1.04598691276099,1.03361733711102,1,0.975153661703236,0.987615899997164,0.984251558425753,0.955422318503413,0.982383190957568,0.982383190957568,0.993971564608806,1.0009372820407,1.02822765622964,0.966382591045727
3,"female",1.01549186676995,1.03030303030303,1.03733333333333,0.964285714285714,1.02247191011236,0.975609756097561,1.06976744186047,1.05084745762712,1,0.962962962962963,0.981481481481481,0.976470588235294,0.933884297520661,0.97369151241242,0.97369151241242,0.990970988899583,1.00140625244621,1.04263889349589,0.950000090338408
4,"female",1.01549186676995,1.03030303030303,1.03733333333333,0.964285714285714,1.02247191011236,0.975609756097561,1.06976744186047,1.05084745762712,1,0.962962962962963,0.981481481481481,0.976470588235294,0.933884297520661,0.965076733875973,0.965076733875973,0.987979471250878,1.00187544257902,1.0572521130355,0.933895312276253
5,"female",1.01549186676995,1.03030303030303,1.03733333333333,0.964285714285714,1.02247191011236,0.975609756097561,1.06976744186047,1.05084745762712,1,0.962962962962963,0.981481481481481,0.976470588235294,0.933884297520661,0.956538174972014,0.956538174972014,0.984996984318454,1.00234485254207,1.07207014575314,0.918063548794906
6,"female",1.01549186676995,1.03030303030303,1.03733333333333,0.964285714285714,1.02247191011236,0.975609756097561,1.06976744186047,1.05084745762712,1,0.962962962962963,0.981481481481481,0.976470588235294,0.933884297520661,0.956538174972014,0.956538174972014,0.984996984318454,1.00234485254207,1.07207014575314,0.918063548794906
7,"female",1.01549186676995,1.03030303030303,1.03733333333333,0.964285714285714,1.02247191011236,0.975609756097561,1.06976744186047,1.05084745762712,1,0.962962962962963,0.981481481481481,0.976470588235294,0.933884297520661,0.956538174972014,0.956538174972014,0.984996984318454,1.00234485254207,1.07207014575314,0.918063548794906
8,"female",1.01549186676995,1.03030303030303,1.03733333333333,0.964285714285714,1.02247191011236,0.975609756097561,1.06976744186047,1.05084745762712,1,0.962962962962963,0.981481481481481,0.976470588235294,0.933884297520661,0.956538174972014,0.956538174972014,0.984996984318454,1.00234485254207,1.07207014575314,0.918063548794906
9,"female",1.01549186676995,1.03030303030303,1.03733333333333,0.964285714285714,1.02247191011236,0.975609756097561,1.06976744186047,1.05084745762712,1,0.962962962962963,0.981481481481481,0.976470588235294,0.933884297520661,0.956538174972014,0.956538174972014,0.984996984318454,1.00234485254207,1.07207014575314,0.918063548794906
10,"female",1.01549186676995,1.03030303030303,1.03733333333333,0.964285714285714,1.02247191011236,0.975609756097561,1.06976744186047,1.05084745762712,1,0.962962962962963,0.981481481481481,0.976470588235294,0.933884297520661,0.956538174972014,0.956538174972014,0.984996984318454,1.00234485254207,1.07207014575314,0.918063548794906
11,"female",1.01549186676995,1.03030303030303,1.03733333333333,0.964285714285714,1.02247191011236,0.975609756097561,1.06976744186047,1.05084745762712,1,0.962962962962963,0.981481481481481,0.976470588235294,0.933884297520661,0.956538174972014,0.956538174972014,0.984996984318454,1.00234485254207,1.07207014575314,0.918063548794906
12,"female",1.01549186676995,1.03030303030303,1.03733333333333,0.964285714285714,1.02247191011236,0.975609756097561,1.06976744186047,1.05084745762712,1,0.962962962962963,0.981481481481481,0.976470588235294,0.933884297520661,0.956538174972014,0.956538174972014,0.984996984318454,1.00234485254207,1.07207014575314,0.918063548794906
13,"female",1.01549186676995,1.03030303030303,1.03733333333333,0.964285714285714,1.02247191011236,0.975609756097561,1.06976744186047,1.05084745762712,1,0.962962962962963,0.981481481481481,0.976470588235294,0.933884297520661,0.956538174972014,0.956538174972014,0.984996984318454,1.00234485254207,1.07207014575314,0.918063548794906
14,"female",1.01549186676995,1.03030303030303,1.03733333333333,0.964285714285714,1.02247191011236,0.975609756097561,1.06976744186047,1.05084745762712,1,0.962962962962963,0.981481481481481,0.976470588235294,0.933884297520661,0.956538174972014,0.956538174972014,0.984996984318454,1.00234485254207,1.07207014575314,0.918063548794906
15,"female",1.01549186676995,1.03030303030303,1.03733333333333,0.964285714285714,1.02247191011236,0.975609756097561,1.06976744186047,1.05084745762712,1,0.962962962962963,0.981481481481481,0.976470588235294,0.933884297520661,0.956538174972014,0.956538174972014,0.984996984318454,1.00234485254207,1.07207014575314,0.918063548794906
16,"female",1.01549186676995,1.03030303030303,1.03733333333333,0.964285714285714,1.02247191011236,0.975609756097561,1.06976744186047,1.05084745762712,1,0.962962962962963,0.981481481481481,0.976470588235294,0.933884297520661,0.956538174972014,0.956538174972014,0.984996984318454,1.00234485254207,1.07207014575314,0.918063548794906
17,"female",1.01549186676995,1.03030303030303,1.03733333333333,0.964285714285714,1.02247191011236,0.975609756097561,1.06976744186047,1.05084745762712,1,0.962962962962963,0.981481481481481,0.976470588235294,0.933884297520661,0.956538174972014,0.956538174972014,0.984996984318454,1.00234485254207,1.07207014575314,0.918063548794906
18,"female",1.01549186676995,1.03030303030303,1.03733333333333,0.964285714285714,1.02247191011236,0.975609756097561,1.06976744186047,1.05084745762712,1,0.962962962962963,0.981481481481481,0.976470588235294,0.933884297520661,0.956538174972014,0.956538174972014,0.984996984318454,1.00234485254207,1.07207014575314,0.918063548794906
19,"female",1.01549186676995,1.03030303030303,1.03733333333333,0.964285714285714,1.02247191011236,0.975609756097561,1.06976744186047,1.05084745762712,1,0.962962962962963,0.981481481481481,0.976470588235294,0.933884297520661,0.956538174972014,0.956538174972014,0.984996984318454,1.00234485254207,1.07207014575314,0.918063548794906
20,"female",1.01549186676995,1.03030303030303,1.03733333333333,0.964285714285714,1.02247191011236,0.975609756097561,1.06976744186047,1.05084745762712,1,0.962962962962963,0.981481481481481,0.976470588235294,0.933884297520661,0.956538174972014,0.956538174972014,0.984996984318454,1.00234485254207,1.07207014575314,0.918063548794906
21,"female",1.01549186676995,1.03030303030303,1.03733333333333,0.964285714285714,1.02247191011236,0.975609756097561,1.06976744186047,1.05084745762712,1,0.962962962962963,0.981481481481481,0.976470588235294,0.933884297520661,0.956538174972014,0.956538174972014,0.984996984318454,1.00234485254207,1.07207014575314,0.918063548794906
22,"female",1.01549186676995,1.03030303030303,1.03733333333333,0.964285714285714,1.02247191011236,0.975609756097561,1.06976744186047,1.05084745762712,1,0.962962962962963,0.981481481481481,0.976470588235294,0.933884297520661,0.956538174972014,0.956538174972014,0.984996984318454,1.00234485254207,1.07207014575314,0.918063548794906
23,"female",1.01549186676995,1.03030303030303,1.03733333333333,0.964285714285714,1.02247191011236,0.975609756097561,1.06976744186047,1.05084745762712,1,0.962962962962963,0.981481481481481,0.976470588235294,0.933884297520661,0.956538174972014,0.956538174972014,0.984996984318454,1.00234485254207,1.07207014575314,0.918063548794906
24,"female",1.01549186676995,1.03030303030303,1.03733333333333,0.964285714285714,1.02247191011236,0.975609756097561,1.06976744186047,1.05084745762712,1,0.962962962962963,0.981481481481481,0.976470588235294,0.933884297520661,0.956538174972014,0.956538174972014,0.984996984318454,1.00234485254207,1.07207014575314,0.918063548794906
25,"female",1.01549186676995,1.03030303030303,1.03733333333333,0.964285714285714,1.02247191011236,0.975609756097561,1.06976744186047,1.05084745762712,1,0.962962962962963,0.981481481481481,0.976470588235294,0.933884297520661,0.956538174972014,0.956538174972014,0.984996984318454,1.00234485254207,1.07207014575314,0.918063548794906
26,"female",1.01549186676995,1.03030303030303,1.03733333333333,0.964285714285714,1.02247191011236,0.975609756097561,1.06976744186047,1.05084745762712,1,0.962962962962963,0.981481481481481,0.976470588235294,0.933884297520661,0.956538174972014,0.956538174972014,0.984996984318454,1.00234485254207,1.07207014575314,0.918063548794906
27,"female",1.01549186676995,1.03030303030303,1.03733333333333,0.964285714285714,1.02247191011236,0.975609756097561,1.06976744186047,1.05084745762712,1,0.962962962962963,0.981481481481481,0.976470588235294,0.933884297520661,0.956538174972014,0.956538174972014,0.984996984318454,1.00234485254207,1.07207014575314,0.918063548794906
28,"female",1.01549186676995,1.03030303030303,1.03733333333333,0.964285714285714,1.02247191011236,0.975609756097561,1.06976744186047,1.05084745762712,1,0.962962962962963,0.981481481481481,0.976470588235294,0.933884297520661,0.956538174972014,0.956538174972014,0.984996984318454,1.00234485254207,1.07207014575314,0.918063548794906
29,"female",1.01549186676995,1.03030303030303,1.03733333333333,0.964285714285714,1.02247191011236,0.975609756097561,1.06976744186047,1.05084745762712,1,0.962962962962963,0.981481481481481,0.976470588235294,0.933884297520661,0.956538174972014,0.956538174972014,0.984996984318454,1.00234485254207,1.07207014575314,0.918063548794906
30,"female",1.01549186676995,1.03030303030303,1.03733333333333,0.964285714285714,1.02247191011236,0.975609756097561,1.06976744186047,1.05084745762712,1,0.962962962962963,0.981481481481481,0.976470588235294,0.933884297520661,0.956538174972014,0.956538174972014,0.984996984318454,1.00234485254207,1.07207014575314,0.918063548794906
31,"female",1.01549186676995,1.03030303030303,1.03733333333333,0.964285714285714,1.02247191011236,0.975609756097561,1.06976744186047,1.05084745762712,1,0.962962962962963,0.981481481481481,0.976470588235294,0.933884297520661,0.956538174972014,0.956538174972014,0.984996984318454,1.00234485254207,1.07207014575314,0.918063548794906
32,"female",1.01549186676995,1.03030303030303,1.03733333333333,0.964285714285714,1.02247191011236,0.975609756097561,1.06976744186047,1.05084745762712,1,0.962962962962963,0.981481481481481,0.976470588235294,0.933884297520661,0.956538174972014,0.956538174972014,0.984996984318454,1.00234485254207,1.07207014575314,0.918063548794906
33,"female",1.01549186676995,1.03030303030303,1.03733333333333,0.964285714285714,1.02247191011236,0.975609756097561,1.06976744186047,1.05084745762712,1,0.962962962962963,0.981481481481481,0.976470588235294,0.933884297520661,0.956538174972014,0.956538174972014,0.984996984318454,1.00234485254207,1.07207014575314,0.918063548794906
34,"female",1.01549186676995,1.03030303030303,1.03733333333333,0.964285714285714,1.02247191011236,0.975609756097561,1.06976744186047,1.05084745762712,1,0.962962962962963,0.981481481481481,0.976470588235294,0.933884297520661,0.956538174972014,0.956538174972014,0.984996984318454,1.00234485254207,1.07207014575314,0.918063548794906
35,"female",1.01549186676995,1.03030303030303,1.03733333333333,0.964285714285714,1.02247191011236,0.975609756097561,1.06976744186047,1.05084745762712,1,0.962962962962963,0.981481481481481,0.976470588235294,0.933884297520661,0.956538174972014,0.956538174972014,0.984996984318454,1.00234485254207,1.07207014575314,0.918063548794906
36,"female",1.01549186676995,1.03030303030303,1.03733333333333,0.964285714285714,1.02247191011236,0.975609756097561,1.06976744186047,1.05084745762712,1,0.962962962962963,0.981481481481481,0.976470588235294,0.933884297520661,0.956538174972014,0.956538174972014,0.984996984318454,1.00234485254207,1.07207014575314,0.918063548794906
37,"female",1.01549186676995,1.03030303030303,1.03733333333333,0.964285714285714,1.02247191011236,0.975609756097561,1.06976744186047,1.05084745762712,1,0.962962962962963,0.981481481481481,0.976470588235294,0.933884297520661,0.956538174972014,0.956538174972014,0.984996984318454,1.00234485254207,1.07207014575314,0.918063548794906
38,"female",1.01549186676995,1.03030303030303,1.03733333333333,0.964285714285714,1.02247191011236,0.975609756097561,1.06976744186047,1.05084745762712,1,0.962962962962963,0.981481481481481,0.976470588235294,0.933884297520661,0.956538174972014,0.956538174972014,0.984996984318454,1.00234485254207,1.07207014575314,0.918063548794906
39,"female",1.01549186676995,1.03030303030303,1.03733333333333,0.964285714285714,1.02247191011236,0.975609756097561,1.06976744186047,1.05084745762712,1,0.962962962962963,0.981481481481481,0.976470588235294,0.933884297520661,0.956538174972014,0.956538174972014,0.984996984318454,1.00234485254207,1.07207014575314,0.918063548794906
40,"female",1.01549186676995,1.03030303030303,1.03733333333333,0.964285714285714,1.02247191011236,0.975609756097561,1.06976744186047,1.05084745762712,1,0.962962962962963,0.981481481481481,0.976470588235294,0.933884297520661,0.956538174972014,0.956538174972014,0.984996984318454,1.00234485254207,1.07207014575314,0.918063548794906
41,"female",1.01549186676995,1.03030303030303,1.03733333333333,0.964285714285714,1.02247191011236,0.975609756097561,1.06976744186047,1.05084745762712,1,0.962962962962963,0.981481481481481,0.976470588235294,0.933884297520661,0.956538174972014,0.956538174972014,0.984996984318454,1.00234485254207,1.07207014575314,0.918063548794906
42,"female",1.01549186676995,1.03030303030303,1.03733333333333,0.964285714285714,1.02247191011236,0.975609756097561,1.06976744186047,1.05084745762712,1,0.962962962962963,0.981481481481481,0.976470588235294,0.933884297520661,0.956538174972014,0.956538174972014,0.984996984318454,1.00234485254207,1.07207014575314,0.918063548794906
43,"female",1.01549186676995,1.03030303030303,1.03733333333333,0.964285714285714,1.02247191011236,0.975609756097561,1.06976744186047,1.05084745762712,1,0.962962962962963,0.981481481481481,0.976470588235294,0.933884297520661,0.956538174972014,0.956538174972014,0.984996984318454,1.00234485254207,1.07207014575314,0.918063548794906
44,"female",1.01549186676995,1.03030303030303,1.03733333333333,0.964285714285714,1.02247191011236,0.975609756097561,1.06976744186047,1.05084745762712,1,0.962962962962963,0.981481481481481,0.976470588235294,0.933884297520661,0.956538174972014,0.956538174972014,0.984996984318454,1.00234485254207,1.07207014575314,0.918063548794906
45,"female",1.01549186676995,1.03030303030303,1.03733333333333,0.964285714285714,1.02247191011236,0.975609756097561,1.06976744186047,1.05084745762712,1,0.962962962962963,0.981481481481481,0.976470588235294,0.933884297520661,0.956538174972014,0.956538174972014,0.984996984318454,1.00234485254207,1.07207014575314,0.918063548794906
46,"female",1.01549186676995,1.03030303030303,1.03733333333333,0.964285714285714,1.02247191011236,0.975609756097561,1.06976744186047,1.05084745762712,1,0.962962962962963,0.981481481481481,0.976470588235294,0.933884297520661,0.956538174972014,0.956538174972014,0.984996984318454,1.00234485254207,1.07207014575314,0.918063548794906
47,"female",1.01549186676995,1.03030303030303,1.03733333333333,0.964285714285714,1.02247191011236,0.975609756097561,1.06976744186047,1.05084745762712,1,0.962962962962963,0.981481481481481,0.976470588235294,0.933884297520661,0.956538174972014,0.956538174972014,0.984996984318454,1.00234485254207,1.07207014575314,0.918063548794906
48,"female",1.01549186676995,1.03030303030303,1.03733333333333,0.964285714285714,1.02247191011236,0.975609756097561,1.06976744186047,1.05084745762712,1,0.962962962962963,0.981481481481481,0.976470588235294,0.933884297520661,0.956538174972014,0.956538174972014,0.984996984318454,1.00234485254207,1.07207014575314,0.918063548794906
49,"female",1.01549186676995,1.03030303030303,1.03733333333333,0.964285714285714,1.02247191011236,0.975609756097561,1.06976744186047,1.05084745762712,1,0.962962962962963,0.981481481481481,0.976470588235294,0.933884297520661,0.956538174972014,0.956538174972014,0.984996984318454,1.00234485254207,1.07207014575314,0.918063548794906
50,"female",1.01549186676995,1.03030303030303,1.03733333333333,0.964285714285714,1.02247191011236,0.975609756097561,1.06976744186047,1.05084745762712,1,0.962962962962963,0.981481481481481,0.976470588235294,0.933884297520661,0.956538174972014,0.956538174972014,0.984996984318454,1.00234485254207,1.07207014575314,0.918063548794906
51,"female",1.01549186676995,1.03030303030303,1.03733333333333,0.964285714285714,1.02247191011236,0.975609756097561,1.06976744186047,1.05084745762712,1,0.962962962962963,0.981481481481481,0.976470588235294,0.933884297520661,0.956538174972014,0.956538174972014,0.984996984318454,1.00234485254207,1.07207014575314,0.918063548794906
52,"female",1.01549186676995,1.03030303030303,1.03733333333333,0.964285714285714,1.02247191011236,0.975609756097561,1.06976744186047,1.05084745762712,1,0.962962962962963,0.981481481481481,0.976470588235294,0.933884297520661,0.956538174972014,0.956538174972014,0.984996984318454,1.00234485254207,1.07207014575314,0.918063548794906
53,"female",1.01549186676995,1.03030303030303,1.03733333333333,0.964285714285714,1.02247191011236,0.975609756097561,1.06976744186047,1.05084745762712,1,0.962962962962963,0.981481481481481,0.976470588235294,0.933884297520661,0.956538174972014,0.956538174972014,0.984996984318454,1.00234485254207,1.07207014575314,0.918063548794906
54,"female",1.01549186676995,1.03030303030303,1.03733333333333,0.964285714285714,1.02247191011236,0.975609756097561,1.06976744186047,1.05084745762712,1,0.962962962962963,0.981481481481481,0.976470588235294,0.933884297520661,0.956538174972014,0.956538174972014,0.984996984318454,1.00234485254207,1.07207014575314,0.918063548794906
55,"female",1.01549186676995,1.03030303030303,1.03733333333333,0.964285714285714,1.02247191011236,0.975609756097561,1.06976744186047,1.05084745762712,1,0.962962962962963,0.981481481481481,0.976470588235294,0.933884297520661,0.956538174972014,0.956538174972014,0.984996984318454,1.00234485254207,1.07207014575314,0.918063548794906
56,"female",1.01549186676995,1.03030303030303,1.03733333333333,0.964285714285714,1.02247191011236,0.975609756097561,1.06976744186047,1.05084745762712,1,0.962962962962963,0.981481481481481,0.976470588235294,0.933884297520661,0.956538174972014,0.956538174972014,0.984996984318454,1.00234485254207,1.07207014575314,0.918063548794906
57,"female",1.01549186676995,1.03030303030303,1.03733333333333,0.964285714285714,1.02247191011236,0.975609756097561,1.06976744186047,1.05084745762712,1,0.962962962962963,0.981481481481481,0.976470588235294,0.933884297520661,0.956538174972014,0.956538174972014,0.984996984318454,1.00234485254207,1.07207014575314,0.918063548794906
58,"female",1.01549186676995,1.03030303030303,1.03733333333333,0.964285714285714,1.02247191011236,0.975609756097561,1.06976744186047,1.05084745762712,1,0.962962962962963,0.981481481481481,0.976470588235294,0.933884297520661,0.956538174972014,0.956538174972014,0.984996984318454,1.00234485254207,1.07207014575314,0.918063548794906
59,"female",1.01549186676995,1.03030303030303,1.03733333333333,0.964285714285714,1.02247191011236,0.975609756097561,1.06976744186047,1.05084745762712,1,0.962962962962963,0.981481481481481,0.976470588235294,0.933884297520661,0.956538174972014,0.956538174972014,0.984996984318454,1.00234485254207,1.07207014575314,0.918063548794906
60,"female",1.01549186676995,1.03030303030303,1.03733333333333,0.964285714285714,1.02247191011236,0.975609756097561,1.06976744186047,1.05084745762712,1,0.962962962962963,0.981481481481481,0.976470588235294,0.933884297520661,0.956538174972014,0.956538174972014,0.984996984318454,1.00234485254207,1.07207014575314,0.918063548794906
61,"female",1.01549186676995,1.03030303030303,1.03733333333333,0.964285714285714,1.02247191011236,0.975609756097561,1.06976744186047,1.05084745762712,1,0.962962962962963,0.981481481481481,0.976470588235294,0.933884297520661,0.956538174972014,0.956538174972014,0.984996984318454,1.00234485254207,1.07207014575314,0.918063548794906
62,"female",1.01549186676995,1.03030303030303,1.03733333333333,0.964285714285714,1.02247191011236,0.975609756097561,1.06976744186047,1.05084745762712,1,0.962962962962963,0.981481481481481,0.976470588235294,0.933884297520661,0.956538174972014,0.956538174972014,0.984996984318454,1.00234485254207,1.07207014575314,0.918063548794906
63,"female",1.01549186676995,1.03030303030303,1.03733333333333,0.964285714285714,1.02247191011236,0.975609756097561,1.06976744186047,1.05084745762712,1,0.962962962962963,0.981481481481481,0.976470588235294,0.933884297520661,0.956538174972014,0.956538174972014,0.984996984318454,1.00234485254207,1.07207014575314,0.918063548794906
64,"female",1.01549186676995,1.03030303030303,1.03733333333333,0.964285714285714,1.02247191011236,0.975609756097561,1.06976744186047,1.05084745762712,1,0.962962962962963,0.981481481481481,0.976470588235294,0.933884297520661,0.956538174972014,0.956538174972014,0.984996984318454,1.00234485254207,1.07207014575314,0.918063548794906
65,"female",1.01549186676995,1.03030303030303,1.03733333333333,0.964285714285714,1.02247191011236,0.975609756097561,1.06976744186047,1.05084745762712,1,0.962962962962963,0.981481481481481,0.976470588235294,0.933884297520661,0.956538174972014,0.956538174972014,0.984996984318454,1.00234485254207,1.07207014575314,0.918063548794906
66,"female",1.01549186676995,1.03030303030303,1.03733333333333,0.964285714285714,1.02247191011236,0.975609756097561,1.06976744186047,1.05084745762712,1,0.962962962962963,0.981481481481481,0.976470588235294,0.933884297520661,0.956538174972014,0.956538174972014,0.984996984318454,1.00234485254207,1.07207014575314,0.918063548794906
67,"female",1.01549186676995,1.03030303030303,1.03733333333333,0.964285714285714,1.02247191011236,0.975609756097561,1.06976744186047,1.05084745762712,1,0.962962962962963,0.981481481481481,0.976470588235294,0.933884297520661,0.956538174972014,0.956538174972014,0.984996984318454,1.00234485254207,1.07207014575314,0.918063548794906
68,"female",1.01549186676995,1.03030303030303,1.03733333333333,0.964285714285714,1.02247191011236,0.975609756097561,1.06976744186047,1.05084745762712,1,0.962962962962963,0.981481481481481,0.976470588235294,0.933884297520661,0.956538174972014,0.956538174972014,0.984996984318454,1.00234485254207,1.07207014575314,0.918063548794906
69,"female",1.01549186676995,1.03030303030303,1.03733333333333,0.964285714285714,1.02247191011236,0.975609756097561,1.06976744186047,1.05084745762712,1,0.962962962962963,0.981481481481481,0.976470588235294,0.933884297520661,0.956538174972014,0.956538174972014,0.984996984318454,1.00234485254207,1.07207014575314,0.918063548794906
70,"female",1.01549186676995,1.03030303030303,1.03733333333333,0.964285714285714,1.02247191011236,0.975609756097561,1.06976744186047,1.05084745762712,1,0.962962962962963,0.981481481481481,0.976470588235294,0.933884297520661,0.956538174972014,0.956538174972014,0.984996984318454,1.00234485254207,1.07207014575314,0.918063548794906
71,"female",1.01549186676995,1.03030303030303,1.03733333333333,0.964285714285714,1.02247191011236,0.975609756097561,1.06976744186047,1.05084745762712,1,0.962962962962963,0.981481481481481,0.976470588235294,0.933884297520661,0.956538174972014,0.956538174972014,0.984996984318454,1.00234485254207,1.07207014575314,0.918063548794906
72,"female",1.01549186676995,1.03030303030303,1.03733333333333,0.964285714285714,1.02247191011236,0.975609756097561,1.06976744186047,1.05084745762712,1,0.962962962962963,0.981481481481481,0.976470588235294,0.933884297520661,0.956538174972014,0.956538174972014,0.984996984318454,1.00234485254207,1.07207014575314,0.918063548794906
73,"female",1.01549186676995,1.03030303030303,1.03733333333333,0.964285714285714,1.02247191011236,0.975609756097561,1.06976744186047,1.05084745762712,1,0.962962962962963,0.981481481481481,0.976470588235294,0.933884297520661,0.956538174972014,0.956538174972014,0.984996984318454,1.00234485254207,1.07207014575314,0.918063548794906
74,"female",1.01549186676995,1.03030303030303,1.03733333333333,0.964285714285714,1.02247191011236,0.975609756097561,1.06976744186047,1.05084745762712,1,0.962962962962963,0.981481481481481,0.976470588235294,0.933884297520661,0.956538174972014,0.956538174972014,0.984996984318454,1.00234485254207,1.07207014575314,0.918063548794906
75,"female",1.01549186676995,1.03030303030303,1.03733333333333,0.964285714285714,1.02247191011236,0.975609756097561,1.06976744186047,1.05084745762712,1,0.962962962962963,0.981481481481481,0.976470588235294,0.933884297520661,0.956538174972014,0.956538174972014,0.984996984318454,1.00234485254207,1.07207014575314,0.918063548794906
76,"female",1.01549186676995,1.03030303030303,1.03733333333333,0.964285714285714,1.02247191011236,0.975609756097561,1.06976744186047,1.05084745762712,1,0.962962962962963,0.981481481481481,0.976470588235294,0.933884297520661,0.956538174972014,0.956538174972014,0.984996984318454,1.00234485254207,1.07207014575314,0.918063548794906
77,"female",1.01549186676995,1.03030303030303,1.03733333333333,0.964285714285714,1.02247191011236,0.975609756097561,1.06976744186047,1.05084745762712,1,0.962962962962963,0.981481481481481,0.976470588235294,0.933884297520661,0.956538174972014,0.956538174972014,0.984996984318454,1.00234485254207,1.07207014575314,0.918063548794906
78,"female",1.01549186676995,1.03030303030303,1.03733333333333,0.964285714285714,1.02247191011236,0.975609756097561,1.06976744186047,1.05084745762712,1,0.962962962962963,0.981481481481481,0.976470588235294,0.933884297520661,0.956538174972014,0.956538174972014,0.984996984318454,1.00234485254207,1.07207014575314,0.918063548794906
79,"female",1.01549186676995,1.03030303030303,1.03733333333333,0.964285714285714,1.02247191011236,0.975609756097561,1.06976744186047,1.05084745762712,1,0.962962962962963,0.981481481481481,0.976470588235294,0.933884297520661,0.956538174972014,0.956538174972014,0.984996984318454,1.00234485254207,1.07207014575314,0.918063548794906
80,"female",1.01549186676995,1.03030303030303,1.03733333333333,0.964285714285714,1.02247191011236,0.975609756097561,1.06976744186047,1.05084745762712,1,0.962962962962963,0.981481481481481,0.976470588235294,0.933884297520661,0.956538174972014,0.956538174972014,0.984996984318454,1.00234485254207,1.07207014575314,0.918063548794906
81,"female",1.01549186676995,1.03030303030303,1.03733333333333,0.964285714285714,1.02247191011236,0.975609756097561,1.06976744186047,1.05084745762712,1,0.962962962962963,0.981481481481481,0.976470588235294,0.933884297520661,0.956538174972014,0.956538174972014,0.984996984318454,1.00234485254207,1.07207014575314,0.918063548794906
82,"female",1.01549186676995,1.03030303030303,1.03733333333333,0.964285714285714,1.02247191011236,0.975609756097561,1.06976744186047,1.05084745762712,1,0.962962962962963,0.981481481481481,0.976470588235294,0.933884297520661,0.956538174972014,0.956538174972014,0.984996984318454,1.00234485254207,1.07207014575314,0.918063548794906
83,"female",1.01549186676995,1.03030303030303,1.03733333333333,0.964285714285714,1.02247191011236,0.975609756097561,1.06976744186047,1.05084745762712,1,0.962962962962963,0.981481481481481,0.976470588235294,0.933884297520661,0.956538174972014,0.956538174972014,0.984996984318454,1.00234485254207,1.07207014575314,0.918063548794906
84,"female",1.01549186676995,1.03030303030303,1.03733333333333,0.964285714285714,1.02247191011236,0.975609756097561,1.06976744186047,1.05084745762712,1,0.962962962962963,0.981481481481481,0.976470588235294,0.933884297520661,0.956538174972014,0.956538174972014,0.984996984318454,1.00234485254207,1.07207014575314,0.918063548794906
85,"female",1.01549186676995,1.03030303030303,1.03733333333333,0.964285714285714,1.02247191011236,0.975609756097561,1.06976744186047,1.05084745762712,1,0.962962962962963,0.981481481481481,0.976470588235294,0.933884297520661,0.956538174972014,0.956538174972014,0.984996984318454,1.00234485254207,1.07207014575314,0.918063548794906
86,"female",1.01549186676995,1.03030303030303,1.03733333333333,0.964285714285714,1.02247191011236,0.975609756097561,1.06976744186047,1.05084745762712,1,0.962962962962963,0.981481481481481,0.976470588235294,0.933884297520661,0.956538174972014,0.956538174972014,0.984996984318454,1.00234485254207,1.07207014575314,0.918063548794906
87,"female",1.01549186676995,1.03030303030303,1.03733333333333,0.964285714285714,1.02247191011236,0.975609756097561,1.06976744186047,1.05084745762712,1,0.962962962962963,0.981481481481481,0.976470588235294,0.933884297520661,0.956538174972014,0.956538174972014,0.984996984318454,1.00234485254207,1.07207014575314,0.918063548794906
88,"female",1.01549186676995,1.03030303030303,1.03733333333333,0.964285714285714,1.02247191011236,0.975609756097561,1.06976744186047,1.05084745762712,1,0.962962962962963,0.981481481481481,0.976470588235294,0.933884297520661,0.956538174972014,0.956538174972014,0.984996984318454,1.00234485254207,1.07207014575314,0.918063548794906
89,"female",1.01549186676995,1.03030303030303,1.03733333333333,0.964285714285714,1.02247191011236,0.975609756097561,1.06976744186047,1.05084745762712,1,0.962962962962963,0.981481481481481,0.976470588235294,0.933884297520661,0.956538174972014,0.956538174972014,0.984996984318454,1.00234485254207,1.07207014575314,0.918063548794906
90,"female",1.01549186676995,1.03030303030303,1.03733333333333,0.964285714285714,1.02247191011236,0.975609756097561,1.06976744186047,1.05084745762712,1,0.962962962962963,0.981481481481481,0.976470588235294,0.933884297520661,0.956538174972014,0.956538174972014,0.984996984318454,1.00234485254207,1.07207014575314,0.918063548794906
91,"female",1.01549186676995,1.03030303030303,1.03733333333333,0.964285714285714,1.02247191011236,0.975609756097561,1.06976744186047,1.05084745762712,1,0.962962962962963,0.981481481481481,0.976470588235294,0.933884297520661,0.956538174972014,0.956538174972014,0.984996984318454,1.00234485254207,1.07207014575314,0.918063548794906
92,"female",1.01549186676995,1.03030303030303,1.03733333333333,0.964285714285714,1.02247191011236,0.975609756097561,1.06976744186047,1.05084745762712,1,0.962962962962963,0.981481481481481,0.976470588235294,0.933884297520661,0.956538174972014,0.956538174972014,0.984996984318454,1.00234485254207,1.07207014575314,0.918063548794906
93,"female",1.01549186676995,1.03030303030303,1.03733333333333,0.964285714285714,1.02247191011236,0.975609756097561,1.06976744186047,1.05084745762712,1,0.962962962962963,0.981481481481481,0.976470588235294,0.933884297520661,0.956538174972014,0.956538174972014,0.984996984318454,1.00234485254207,1.07207014575314,0.918063548794906
94,"female",1.01549186676995,1.03030303030303,1.03733333333333,0.964285714285714,1.02247191011236,0.975609756097561,1.06976744186047,1.05084745762712,1,0.962962962962963,0.981481481481481,0.976470588235294,0.933884297520661,0.956538174972014,0.956538174972014,0.984996984318454,1.00234485254207,1.07207014575314,0.918063548794906
95,"female",1.01549186676995,1.03030303030303,1.03733333333333,0.964285714285714,1.02247191011236,0.975609756097561,1.06976744186047,1.05084745762712,1,0.962962962962963,0.981481481481481,0.976470588235294,0.933884297520661,0.956538174972014,0.956538174972014,0.984996984318454,1.00234485254207,1.07207014575314,0.918063548794906
96,"female",1.01549186676995,1.03030303030303,1.03733333333333,0.964285714285714,1.02247191011236,0.975609756097561,1.06976744186047,1.05084745762712,1,0.962962962962963,0.981481481481481,0.976470588235294,0.933884297520661,0.956538174972014,0.956538174972014,0.984996984318454,1.00234485254207,1.07207014575314,0.918063548794906
97,"female",1.01549186676995,1.03030303030303,1.03733333333333,0.964285714285714,1.02247191011236,0.975609756097561,1.06976744186047,1.05084745762712,1,0.962962962962963,0.981481481481481,0.976470588235294,0.933884297520661,0.956538174972014,0.956538174972014,0.984996984318454,1.00234485254207,1.07207014575314,0.918063548794906
98,"female",1.01549186676995,1.03030303030303,1.03733333333333,0.964285714285714,1.02247191011236,0.975609756097561,1.06976744186047,1.05084745762712,1,0.962962962962963,0.981481481481481,0.976470588235294,0.933884297520661,0.956538174972014,0.956538174972014,0.984996984318454,1.00234485254207,1.07207014575314,0.918063548794906
99,"female",1.01549186676995,1.03030303030303,1.03733333333333,0.964285714285714,1.02247191011236,0.975609756097561,1.06976744186047,1.05084745762712,1,0.962962962962963,0.981481481481481,0.976470588235294,0.933884297520661,0.956538174972014,0.956538174972014,0.984996984318454,1.00234485254207,1.07207014575314,0.918063548794906
100,"female",1.01549186676995,1.03030303030303,1.03733333333333,0.964285714285714,1.02247191011236,0.975609756097561,1.06976744186047,1.05084745762712,1,0.962962962962963,0.981481481481481,0.976470588235294,0.933884297520661,0.956538174972014,0.956538174972014,0.984996984318454,1.00234485254207,1.07207014575314,0.918063548794906
